"Site ID","Post ID",Title,Location,Type,"Post Name","Post Status"
1,43560,"Regular Girls",https://shipstation.com/promos/regular-girls/,promos,regular-girls,publish
1,43561,"For Crying Out Loud",https://shipstation.com/promos/for-crying-out-loud/,promos,for-crying-out-loud,publish
1,43562,"Crime Writers On",https://shipstation.com/promos/crime-writers-on/,promos,crime-writers-on,publish
1,43563,"Dear Prudence",https://shipstation.com/promos/dear-prudence/,promos,dear-prudence,publish
1,43564,"This Might Get Weird",https://shipstation.com/promos/this-might-get-weird/,promos,this-might-get-weird,publish
1,43565,"An Acquired Taste",https://shipstation.com/promos/an-acquired-taste/,promos,an-acquired-taste,publish
1,43566,"I Don't Get It",https://shipstation.com/promos/i-dont-get-it/,promos,i-dont-get-it,publish
1,43567,"Endless Honeymoon",https://shipstation.com/promos/endless-honeymoon/,promos,endless-honeymoon,publish
1,43568,"Small Town Murder",https://shipstation.com/promos/small-town-murder/,promos,small-town-murder,publish
1,43569,"You Can Sip With Us",https://shipstation.com/promos/you-can-sip-with-us/,promos,you-can-sip-with-us,publish
1,43570,"Wine and Crime",https://shipstation.com/promos/wine-and-crime/,promos,wine-and-crime,publish
1,43571,"Jtrain Podcast",https://shipstation.com/promos/jtrain-podcast/,promos,jtrain-podcast,publish
1,43572,"Andrew Schulz's Flagrant 2 Podcast",https://shipstation.com/promos/andrew-schulzs-flagrant-2-podcast/,promos,andrew-schulzs-flagrant-2-podcast,publish
1,43573,"Do the Thing Podcast",https://shipstation.com/promos/do-the-thing-podcast/,promos,do-the-thing-podcast,publish
1,43574,"Your Favorite Thing Podcast",https://shipstation.com/promos/your-favorite-thing-podcast/,promos,your-favorite-thing-podcast,publish
1,43575,"Why Won't You Date Me? Podcast",https://shipstation.com/promos/why-wont-you-date-me-podcast/,promos,why-wont-you-date-me-podcast,publish
1,43576,"That's Awesome",https://shipstation.com/promos/thats-awesome/,promos,thats-awesome,publish
1,43577,"Off the Vine",https://shipstation.com/promos/off-the-vine/,promos,off-the-vine,publish
1,43578,"Andrea Savage",https://shipstation.com/promos/andrea-savage/,promos,andrea-savage,publish
1,43579,"The History Chicks",https://shipstation.com/promos/the-history-chicks/,promos,the-history-chicks,publish
1,43580,"Oh No",https://shipstation.com/promos/oh-no/,promos,oh-no,publish
1,43581,"Southern Fried",https://shipstation.com/promos/southern-fried/,promos,southern-fried,publish
1,43582,#MOMTRUTHS,https://shipstation.com/promos/momtruths/,promos,momtruths,publish
1,43583,"Woman Evolve",https://shipstation.com/promos/woman-evolve/,promos,woman-evolve,publish
1,43584,"Self Helpless",https://shipstation.com/promos/self-helpless/,promos,self-helpless,publish
1,43585,"Punch Up The Jam",https://shipstation.com/promos/punch-up-the-jam/,promos,punch-up-the-jam,publish
1,43586,"The Daily Beans",https://shipstation.com/promos/the-daily-beans/,promos,the-daily-beans,publish
1,43587,"Bad Friends",https://shipstation.com/promos/bad-friends/,promos,bad-friends,publish
1,43588,"The Goal Digger",https://shipstation.com/promos/the-goal-digger/,promos,the-goal-digger,publish
1,43589,"Berning In Hell",https://shipstation.com/promos/berning-in-hell/,promos,berning-in-hell,publish
1,43590,"Couple Things with Shawn and Andrew",https://shipstation.com/promos/couple-things-with-shawn-and-andrew/,promos,couple-things-with-shawn-and-andrew,publish
1,43591,"Million Dollaz Worth Of Game",https://shipstation.com/promos/million-dollaz-worth-of-game/,promos,million-dollaz-worth-of-game,publish
1,43592,"Everybody Is Awful (Except You) with Jim Florentine",https://shipstation.com/promos/everybody-is-awful-except-you-with-jim-florentine/,promos,everybody-is-awful-except-you-with-jim-florentine,publish
1,43593,"Ask Iliza Anything",https://shipstation.com/promos/ask-iliza-anything/,promos,ask-iliza-anything,publish
1,43594,"Byers Market",https://shipstation.com/promos/byers-market/,promos,byers-market,publish
1,43595,"TJ Hunt",https://shipstation.com/promos/tj-hunt/,promos,tj-hunt,publish
1,43596,Rise,https://shipstation.com/promos/rise/,promos,rise,publish
1,43597,"Jim Jefferies",https://shipstation.com/promos/jim-jefferies/,promos,jim-jefferies,publish
1,43598,"Ratchet and Respectable",https://shipstation.com/promos/ratchet-and-respectable/,promos,ratchet-and-respectable,publish
1,43599,"Motive for Murder",https://shipstation.com/promos/motive-for-murder/,promos,motive-for-murder,publish
1,43600,AsianBossGirl,https://shipstation.com/promos/asianbossgirl/,promos,asianbossgirl,publish
1,43601,"Rogue Theory",https://shipstation.com/promos/rogue-theory/,promos,rogue-theory,publish
1,43602,"Ms. Pat",https://shipstation.com/promos/ms-pat/,promos,ms-pat,publish
1,43603,"Tony DUrso",https://shipstation.com/promos/tony-durso/,promos,tony-durso,publish
1,43604,Fitish,https://shipstation.com/promos/fitish/,promos,fitish,publish
1,43605,BossBabe,https://shipstation.com/promos/bossbabe/,promos,bossbabe,publish
1,43606,YNK,https://shipstation.com/promos/ynk/,promos,ynk,publish
1,43607,"Between the Reps",https://shipstation.com/promos/between-the-reps/,promos,between-the-reps,publish
1,43608,"Tim Dillon",https://shipstation.com/promos/tim-dillon/,promos,tim-dillon,publish
1,43609,"Breaking Banks Fintech",https://shipstation.com/promos/breaking-banks-fintech/,promos,breaking-banks-fintech,publish
1,43610,"Cold Case Files",https://shipstation.com/promos/cold-case-files/,promos,cold-case-files,publish
1,43611,"Financial Freedom",https://shipstation.com/promos/financial-freedom/,promos,financial-freedom,publish
1,43612,"Koy Pond",https://shipstation.com/promos/koy-pond/,promos,koy-pond,publish
1,43613,"Impact Theory",https://shipstation.com/promos/impact-theory/,promos,impact-theory,publish
1,43614,"Happy Hour with Gretchen Geraghty",https://shipstation.com/promos/happy-hour-with-gretchen-geraghty/,promos,happy-hour-with-gretchen-geraghty,publish
1,43615,"Granger Smith",https://shipstation.com/promos/granger-smith/,promos,granger-smith,publish
1,43616,"Everything Happens",https://shipstation.com/promos/everything-happens/,promos,everything-happens,publish
1,43617,"Happier in Hollywood",https://shipstation.com/promos/happier-in-hollywood/,promos,happier-in-hollywood,publish
1,43618,GURU,https://shipstation.com/promos/guru/,promos,guru,publish
1,43619,"Smoking Tire",https://shipstation.com/promos/smoking-tire/,promos,smoking-tire,publish
1,43620,"Earn Your Happy",https://shipstation.com/promos/earn-your-happy/,promos,earn-your-happy,publish
1,43621,"Here's the Thing",https://shipstation.com/promos/heres-the-thing/,promos,heres-the-thing,publish
1,43622,"Dumb People Town",https://shipstation.com/promos/dumb-people-town/,promos,dumb-people-town,publish
1,43623,"Here We Are",https://shipstation.com/promos/here-we-are/,promos,here-we-are,publish
1,43624,"Life with the Lindseys",https://shipstation.com/promos/life-with-the-lindseys/,promos,life-with-the-lindseys,publish
1,43625,"Lunch Break!",https://shipstation.com/promos/lunch-break/,promos,lunch-break,publish
1,43626,"Pen Pals",https://shipstation.com/promos/pen-pals/,promos,pen-pals,publish
1,43627,"Boogie Monster",https://shipstation.com/promos/boogie-monster/,promos,boogie-monster,publish
1,43628,Breakdown,https://shipstation.com/promos/breakdown/,promos,breakdown,publish
1,43629,"Official Podcast",https://shipstation.com/promos/official-podcast/,promos,official-podcast,publish
1,43630,"Skinny Confidential",https://shipstation.com/promos/skinny-confidential/,promos,skinny-confidential,publish
1,43631,"Affirmation Pod",https://shipstation.com/promos/affirmation-pod/,promos,affirmation-pod,publish
1,43632,"Drinkin Bros",https://shipstation.com/promos/drinkin-bros/,promos,drinkin-bros,publish
1,43633,"Over It and On With It",https://shipstation.com/promos/over-it-and-on-with-it/,promos,over-it-and-on-with-it,publish
1,43634,"Friend Zone",https://shipstation.com/promos/friend-zone/,promos,friend-zone,publish
1,43635,"Nikki Glaser",https://shipstation.com/promos/nikki-glaser/,promos,nikki-glaser,publish
1,43636,"All Def SquADDCast",https://shipstation.com/promos/all-def-squaddcast/,promos,all-def-squaddcast,publish
1,43637,"Stiff Socks",https://shipstation.com/promos/stiff-socks/,promos,stiff-socks,publish
1,43638,"Bitch Bible",https://shipstation.com/promos/bitch-bible/,promos,bitch-bible,publish
1,43639,"Misfit Entrepreneur",https://shipstation.com/promos/misfit-entrepreneur/,promos,misfit-entrepreneur,publish
1,43640,"Sofia With An F",https://shipstation.com/promos/sofia-with-an-f/,promos,sofia-with-an-f,publish
1,43641,"Gals on the Go",https://shipstation.com/promos/gals-on-the-go/,promos,gals-on-the-go,publish
1,43643,"ABC & CBS",https://shipstation.com/promos/abc-cbs/,promos,abc-cbs,publish
1,43644,ESPN,https://shipstation.com/promos/espn/,promos,espn,publish
1,43645,"Girls Gotta Eat",https://shipstation.com/promos/girls-gotta-eat/,promos,girls-gotta-eat,publish
1,43646,Snatchelor,https://shipstation.com/promos/snatchelor/,promos,snatchelor,publish
1,43647,"Power Alley",https://shipstation.com/promos/power-alley/,promos,power-alley,publish
1,43648,Bonfire,https://shipstation.com/promos/bonfire/,promos,bonfire,publish
1,43649,"Alec Steele",https://shipstation.com/promos/alec-steele/,promos,alec-steele,publish
1,43650,"Bethenny Frankel",https://shipstation.com/promos/bethenny-frankel/,promos,bethenny-frankel,publish
1,43651,Wondery,https://shipstation.com/promos/wondery/,promos,wondery,publish
1,43652,"Bunga Bunga",https://shipstation.com/promos/bunga-bunga/,promos,bunga-bunga,publish
1,43653,"Mike Birbiglia",https://shipstation.com/promos/mike-birbiglia/,promos,mike-birbiglia,publish
1,43654,"Modern Rogue",https://shipstation.com/promos/modern-rogue/,promos,modern-rogue,publish
1,43655,Sonos,https://shipstation.com/promos/sonos/,promos,sonos,publish
1,43656,"I Don't Know",https://shipstation.com/promos/i-dont-know/,promos,i-dont-know,publish
1,43657,"Aubrey Marcus",https://shipstation.com/promos/aubrey-marcus/,promos,aubrey-marcus,publish
1,43658,"4 Things with Amy Brown",https://shipstation.com/promos/4-things-with-amy-brown/,promos,4-things-with-amy-brown,publish
1,43659,GeniusBrain,https://shipstation.com/promos/geniusbrain/,promos,geniusbrain,publish
1,43660,"Ross Bolen",https://shipstation.com/promos/ross-bolen/,promos,ross-bolen,publish
1,43661,"Spike's Car Radio",https://shipstation.com/promos/spikes-car-radio/,promos,spikes-car-radio,publish
1,43662,Steve-O,https://shipstation.com/promos/steve-o/,promos,steve-o,publish
1,43663,"Buffering the Vampire Slayer",https://shipstation.com/promos/buffering-the-vampire-slayer/,promos,buffering-the-vampire-slayer,publish
1,43664,"Morning Skate",https://shipstation.com/promos/morning-skate/,promos,morning-skate,publish
1,43665,"Starting Lineup",https://shipstation.com/promos/starting-lineup/,promos,starting-lineup,publish
1,43666,"Just Jenny",https://shipstation.com/promos/just-jenny/,promos,just-jenny,publish
1,43667,"Ball Don't Lie",https://shipstation.com/promos/ball-dont-lie/,promos,ball-dont-lie,publish
1,43668,"Busy Philips is Doing Her Best",https://shipstation.com/promos/busy-philips-is-doing-her-best/,promos,busy-philips-is-doing-her-best,publish
1,43669,Deeper,https://shipstation.com/promos/deeper/,promos,deeper,publish
1,43670,"Reality Steve",https://shipstation.com/promos/reality-steve/,promos,reality-steve,publish
1,43671,"Kill Me Now",https://shipstation.com/promos/kill-me-now/,promos,kill-me-now,publish
1,43672,"Modern Mentor",https://shipstation.com/promos/modern-mentor/,promos,modern-mentor,publish
1,43673,"Sarah Fraser",https://shipstation.com/promos/sarah-fraser/,promos,sarah-fraser,publish
1,43674,"I Weigh",https://shipstation.com/promos/i-weigh/,promos,i-weigh,publish
1,43675,NoSleep,https://shipstation.com/promos/nosleep/,promos,nosleep,publish
1,43676,"Old Man and the Three",https://shipstation.com/promos/old-man-and-the-three/,promos,old-man-and-the-three,publish
1,43677,"Too Tired to be Crazy",https://shipstation.com/promos/too-tired-to-be-crazy/,promos,too-tired-to-be-crazy,publish
1,43678,"hey, girl",https://shipstation.com/promos/hey-girl/,promos,hey-girl,publish
1,43679,approachable,https://shipstation.com/promos/approachable/,promos,approachable,publish
1,43680,GodCast,https://shipstation.com/promos/godcast/,promos,godcast,publish
1,43681,Stradman,https://shipstation.com/promos/stradman-2/,promos,stradman-2,publish
1,43682,"You Can Sit With Us",https://shipstation.com/promos/you-can-sit-with-us/,promos,you-can-sit-with-us,publish
1,43683,"Sal Vulcano and Joe DeRosa",https://shipstation.com/promos/sal-vulcano-and-joe-derosa/,promos,sal-vulcano-and-joe-derosa,publish
1,43684,IMOMSOHARD,https://shipstation.com/promos/imomsohard/,promos,imomsohard,publish
1,43685,"Pillows and Beers",https://shipstation.com/promos/pillows-and-beers/,promos,pillows-and-beers,publish
1,43686,"Jason Ellis",https://shipstation.com/promos/jason-ellis/,promos,jason-ellis,publish
1,43687,"Evan Ranft",https://shipstation.com/promos/evan-ranft/,promos,evan-ranft,publish
1,43688,"Good Life Project",https://shipstation.com/promos/good-life-project/,promos,good-life-project,publish
1,43689,"Dark Air",https://shipstation.com/promos/dark-air/,promos,dark-air,publish
1,43690,"Dam Internet You Scary",https://shipstation.com/promos/dam-internet-you-scary/,promos,dam-internet-you-scary,publish
1,43691,"Are We Really Brothers",https://shipstation.com/promos/are-we-really-brothers/,promos,are-we-really-brothers,publish
1,43692,"Cheers Brother",https://shipstation.com/promos/cheers-brother/,promos,cheers-brother,publish
1,43693,"Conversations with Coleman",https://shipstation.com/promos/conversations-with-coleman/,promos,conversations-with-coleman,publish
1,43694,"Culturally Cancelled",https://shipstation.com/promos/culturally-cancelled/,promos,culturally-cancelled,publish
1,43695,"Maria Menounos",https://shipstation.com/promos/maria-menounos/,promos,maria-menounos,publish
1,43696,Spirits,https://shipstation.com/promos/spirits/,promos,spirits,publish
1,43697,Upside,https://shipstation.com/promos/upside/,promos,upside,publish
1,43698,"Inside Marvel",https://shipstation.com/promos/inside-marvel/,promos,inside-marvel,publish
1,43699,"Long Shot",https://shipstation.com/promos/long-shot/,promos,long-shot,publish
1,43700,"Bald and the Beautiful",https://shipstation.com/promos/bald-and-the-beautiful/,promos,bald-and-the-beautiful,publish
1,43701,"Fat Pessimist",https://shipstation.com/promos/fat-pessimist/,promos,fat-pessimist,publish
1,43702,"That Happens",https://shipstation.com/promos/that-happens/,promos,that-happens,publish
1,43703,"Daily Dad",https://shipstation.com/promos/daily-dad/,promos,daily-dad,publish
1,43704,"Lucas and Jacob",https://shipstation.com/promos/lucas-and-jacob/,promos,lucas-and-jacob,publish
1,43705,"Chuckle Sandwich",https://shipstation.com/promos/chuckle-sandwich/,promos,chuckle-sandwich,publish
1,43706,"High & Mighty",https://shipstation.com/promos/high-mighty/,promos,high-mighty,publish
1,43707,"Giggly Squad",https://shipstation.com/promos/giggly-squad/,promos,giggly-squad,publish
1,43708,"WAN Show",https://shipstation.com/promos/wan-show/,promos,wan-show,publish
1,43709,"Lewis Black",https://shipstation.com/promos/lewis-black/,promos,lewis-black,publish
1,43710,"Get Real",https://shipstation.com/promos/get-real/,promos,get-real,publish
1,43711,"Game of Roses",https://shipstation.com/promos/game-of-roses/,promos,game-of-roses,publish
1,43712,"Glowing Up",https://shipstation.com/promos/glowing-up/,promos,glowing-up,publish
1,43713,"90 Day Fiance Trash Talk",https://shipstation.com/promos/90-day-fiance-trash-talk/,promos,90-day-fiance-trash-talk,publish
1,43714,"Dope As Usual",https://shipstation.com/promos/dope-as-usual/,promos,dope-as-usual,publish
1,43715,TheSync,https://shipstation.com/promos/thesync/,promos,thesync,publish
1,43716,"Business Movers",https://shipstation.com/promos/business-movers/,promos,business-movers,publish
1,43717,"Enjoy The Podcast",https://shipstation.com/promos/enjoy-the-podcast/,promos,enjoy-the-podcast,publish
1,43718,"Unlicensed Therapy",https://shipstation.com/promos/unlicensed-therapy/,promos,unlicensed-therapy,publish
1,43719,"Tap In",https://shipstation.com/promos/tap-in/,promos,tap-in,publish
1,43720,"No Focks Given",https://shipstation.com/promos/no-focks-given/,promos,no-focks-given,publish
1,43721,"Gilbert Gottfried",https://shipstation.com/promos/gilbert-gottfried/,promos,gilbert-gottfried,publish
1,43722,"Life with Marianna",https://shipstation.com/promos/life-with-marianna/,promos,life-with-marianna,publish
1,43723,"Cleetus MacFarland",https://shipstation.com/promos/cleetus-macfarland/,promos,cleetus-macfarland,publish
1,43724,"Its Jimmy",https://shipstation.com/promos/its-jimmy/,promos,its-jimmy,publish
1,43725,"Stephen Gardner",https://shipstation.com/promos/stephen-gardner-2/,promos,stephen-gardner-2,publish
1,43726,"Andy Rawls",https://shipstation.com/promos/andy-rawls/,promos,andy-rawls,publish
1,43727,F**kFace,https://shipstation.com/promos/fkface/,promos,fkface,publish
1,43728,"The Sip",https://shipstation.com/promos/the-sip/,promos,the-sip,publish
1,43729,"Worst Firsts",https://shipstation.com/promos/worst-firsts/,promos,worst-firsts,publish
1,43730,"Listen Hunnay",https://shipstation.com/promos/listen-hunnay/,promos,listen-hunnay,publish
1,43731,"Girl on Top",https://shipstation.com/promos/girl-on-top/,promos,girl-on-top,publish
1,43732,"Cleared Hot",https://shipstation.com/promos/cleared-hot/,promos,cleared-hot,publish
1,43733,"How Neal Feel",https://shipstation.com/promos/how-neal-feel/,promos,how-neal-feel,publish
1,43734,"Cog Hill Family Farm",https://shipstation.com/promos/cog-hill-family-farm/,promos,cog-hill-family-farm,publish
1,43735,"Amy Maryon",https://shipstation.com/promos/amy-maryon/,promos,amy-maryon,publish
1,43736,"Grown Folks Business",https://shipstation.com/promos/grown-folks-business/,promos,grown-folks-business,publish
1,43737,"Dinner Table",https://shipstation.com/promos/dinner-table/,promos,dinner-table,publish
1,43738,"Asthoning Legends",https://shipstation.com/promos/asthoning-legends/,promos,asthoning-legends,publish
1,43739,"Baby Mamas No Drama",https://shipstation.com/promos/baby-mamas-no-drama/,promos,baby-mamas-no-drama,publish
1,43740,"Girl CEO",https://shipstation.com/promos/girl-ceo/,promos,girl-ceo,publish
1,43741,Skimm,https://shipstation.com/promos/skimm/,promos,skimm,publish
1,43742,Filmcast,https://shipstation.com/promos/filmcast/,promos,filmcast,publish
1,43743,"Drinkin Broettes",https://shipstation.com/promos/drinkin-broettes/,promos,drinkin-broettes,publish
1,43744,Iconoblast,https://shipstation.com/promos/iconoblast/,promos,iconoblast,publish
1,43745,"Dungeons and Daddies",https://shipstation.com/promos/dungeons-and-daddies/,promos,dungeons-and-daddies,publish
1,43746,"JB Smoove",https://shipstation.com/promos/jb-smoove/,promos,jb-smoove,publish
1,43804,"Adam Carolla",https://shipstation.com/promos/adam-carolla/,promos,adam-carolla,publish
1,43805,"Scott Sigler",https://shipstation.com/promos/scott-sigler/,promos,scott-sigler,publish
1,43806,"Someone Knows Something",https://shipstation.com/promos/someone-knows-something/,promos,someone-knows-something,publish
1,43807,"Vinyl Cafe",https://shipstation.com/promos/vinyl-cafe/,promos,vinyl-cafe,publish
1,43808,"q Podcast",https://shipstation.com/promos/q-podcast/,promos,q-podcast,publish
1,43809,Ideas,https://shipstation.com/promos/ideas/,promos,ideas,publish
1,43810,"Under the Influence",https://shipstation.com/promos/under-the-influence/,promos,under-the-influence,publish
1,43811,"Writers & Company",https://shipstation.com/promos/writers-company/,promos,writers-company,publish
1,43812,TechStuff,https://shipstation.com/promos/techstuff/,promos,techstuff,publish
1,43813,WTF,https://shipstation.com/promos/wtf/,promos,wtf,publish
1,43814,"This Week in Tech",https://shipstation.com/promos/this-week-in-tech/,promos,this-week-in-tech,publish
1,43815,Spotify,https://shipstation.com/promos/spotify/,promos,spotify,publish
1,43816,"Entrepreneur on Fire",https://shipstation.com/promos/entrepreneur-on-fire/,promos,entrepreneur-on-fire,publish
1,43817,"Entrepreneur Magazine",https://shipstation.com/promos/entrepreneur-magazine/,promos,entrepreneur-magazine,publish
1,43818,"Fast Company Magazine",https://shipstation.com/promos/fast-company-magazine/,promos,fast-company-magazine,publish
1,43819,"Inc. Magazine",https://shipstation.com/promos/inc-magazine/,promos,inc-magazine,publish
1,43820,"The BeanCast",https://shipstation.com/promos/the-beancast/,promos,the-beancast,publish
1,43821,Serial,https://shipstation.com/promos/serial/,promos,serial,publish
1,43822,Pandora,https://shipstation.com/promos/pandora/,promos,pandora,publish
1,43823,Pandora,https://shipstation.com/promos/pandora-2/,promos,pandora-2,publish
1,43824,ShipStation,https://shipstation.com/promos/shipstation/,promos,shipstation,publish
1,43825,CANADALAND,https://shipstation.com/promos/canadaland/,promos,canadaland,publish
1,43826,"Doug Loves Movies",https://shipstation.com/promos/doug-loves-movies/,promos,doug-loves-movies,publish
1,43827,"Phone Offer",https://shipstation.com/promos/phone-offer/,promos,phone-offer,publish
1,43828,"Internet Retailer",https://shipstation.com/promos/internet-retailer/,promos,internet-retailer,publish
1,43829,"The Pitch",https://shipstation.com/promos/the-pitch/,promos,the-pitch,publish
1,43830,girlboss,https://shipstation.com/promos/girlboss/,promos,girlboss,publish
1,43831,"Success and Strategy+Business",https://shipstation.com/promos/success-and-strategybusiness/,promos,success-and-strategybusiness,publish
1,43832,"Quirks and Quarks",https://shipstation.com/promos/quirks-and-quarks/,promos,quirks-and-quarks,publish
1,43833,Spark,https://shipstation.com/promos/spark/,promos,spark,publish
1,43834,"The Internet Conference",https://shipstation.com/promos/the-internet-conference/,promos,the-internet-conference,publish
1,43835,"Grownups Read Things They Wrote as Kids",https://shipstation.com/promos/grownups-read-things-they-wrote-as-kids/,promos,grownups-read-things-they-wrote-as-kids,publish
1,43836,"Fitzdog Radio",https://shipstation.com/promos/fitzdog-radio/,promos,fitzdog-radio,publish
1,43837,"I AM RAPAPORT",https://shipstation.com/promos/i-am-rapaport/,promos,i-am-rapaport,publish
1,43838,"Holiday Report",https://shipstation.com/promos/holiday-report/,promos,holiday-report,publish
1,43839,"My Favorite Murder",https://shipstation.com/promos/my-favorite-murder/,promos,my-favorite-murder,publish
1,43840,"FiveThirtyEight Elections",https://shipstation.com/promos/fivethirtyeight-elections/,promos,fivethirtyeight-elections,publish
1,43841,NPR,https://shipstation.com/promos/npr/,promos,npr,publish
1,43842,"James Altucher Show",https://shipstation.com/promos/james-altucher-show/,promos,james-altucher-show,publish
1,43843,"Side Hustle School",https://shipstation.com/promos/side-hustle-school/,promos,side-hustle-school,publish
1,43844,"BTown Web",https://shipstation.com/promos/btown-web/,promos,btown-web,publish
1,43845,"Clients of Zable Fisher Public Relations",https://shipstation.com/promos/clients-of-zable-fisher-public-relations/,promos,clients-of-zable-fisher-public-relations,publish
1,43846,"Bold Commerce",https://shipstation.com/promos/bold-commerce/,promos,bold-commerce,publish
1,43847,ShipZOOM,https://shipstation.com/promos/shipzoom/,promos,shipzoom,publish
1,43848,"Dumb People Town",https://shipstation.com/promos/dumb-people-town-2/,promos,dumb-people-town-2,publish
1,43849,"Afford Anything",https://shipstation.com/promos/afford-anything/,promos,afford-anything,publish
1,43850,"SUCCESS Insider",https://shipstation.com/promos/success-insider/,promos,success-insider,publish
1,43851,"Beyond the To-Do List",https://shipstation.com/promos/beyond-the-to-do-list/,promos,beyond-the-to-do-list,publish
1,43852,"The Simple Show",https://shipstation.com/promos/the-simple-show/,promos,the-simple-show,publish
1,43853,"The School of Greatness",https://shipstation.com/promos/the-school-of-greatness/,promos,the-school-of-greatness,publish
1,43854,"Hack the Entrepreneur",https://shipstation.com/promos/hack-the-entrepreneur/,promos,hack-the-entrepreneur,publish
1,43855,"This Week in Startups",https://shipstation.com/promos/this-week-in-startups/,promos,this-week-in-startups,publish
1,43856,"My Dad Wrote a Porno",https://shipstation.com/promos/my-dad-wrote-a-porno/,promos,my-dad-wrote-a-porno,publish
1,43857,"The Lively Show",https://shipstation.com/promos/the-lively-show/,promos,the-lively-show,publish
1,43858,"UK WooCommerce",https://shipstation.com/promos/uk-woocommerce/,promos,uk-woocommerce,publish
1,43859,"The Investor's",https://shipstation.com/promos/the-investors/,promos,the-investors,publish
1,43860,"Sword and Scale Rewind",https://shipstation.com/promos/sword-and-scale-rewind/,promos,sword-and-scale-rewind,publish
1,43861,"Real Crime Profile",https://shipstation.com/promos/real-crime-profile/,promos,real-crime-profile,publish
1,43862,Accused,https://shipstation.com/promos/accused/,promos,accused,publish
1,43863,"Best Case Worst Case",https://shipstation.com/promos/best-case-worst-case/,promos,best-case-worst-case,publish
1,43864,"The Rubin Report",https://shipstation.com/promos/the-rubin-report/,promos,the-rubin-report,publish
1,43865,"Locked Up Abroad",https://shipstation.com/promos/locked-up-abroad/,promos,locked-up-abroad,publish
1,43866,Stories,https://shipstation.com/promos/stories/,promos,stories,publish
1,43867,"Hollywood & Crime",https://shipstation.com/promos/hollywood-crime/,promos,hollywood-crime,publish
1,43868,"Tumble Science Podcast for Kids",https://shipstation.com/promos/tumble-science-podcast-for-kids/,promos,tumble-science-podcast-for-kids,publish
1,43869,"Sword and Scale",https://shipstation.com/promos/sword-and-scale/,promos,sword-and-scale,publish
1,43870,"Tides of History",https://shipstation.com/promos/tides-of-history/,promos,tides-of-history,publish
1,43871,"The Fall of Rome",https://shipstation.com/promos/the-fall-of-rome/,promos,the-fall-of-rome,publish
1,43872,"Drunks and Dragons",https://shipstation.com/promos/drunks-and-dragons/,promos,drunks-and-dragons,publish
1,43873,"I Hate My Boss",https://shipstation.com/promos/i-hate-my-boss/,promos,i-hate-my-boss,publish
1,43874,"Good Life Project",https://shipstation.com/promos/good-life-project-2/,promos,good-life-project-2,publish
1,43875,"True Crime All The Time Unsolved",https://shipstation.com/promos/true-crime-all-the-time-unsolved/,promos,true-crime-all-the-time-unsolved,publish
1,43876,"A STORM OF SPOILERS - A Game Of Thrones",https://shipstation.com/promos/a-storm-of-spoilers-a-game-of-thrones/,promos,a-storm-of-spoilers-a-game-of-thrones,publish
1,43877,"True Crime All The Time",https://shipstation.com/promos/true-crime-all-the-time/,promos,true-crime-all-the-time,publish
1,43878,"Talking Tech",https://shipstation.com/promos/talking-tech/,promos,talking-tech,publish
1,43879,"Pardon My Take",https://shipstation.com/promos/pardon-my-take/,promos,pardon-my-take,publish
1,43880,"Dirty John",https://shipstation.com/promos/dirty-john/,promos,dirty-john,publish
1,43881,"Do Go On",https://shipstation.com/promos/do-go-on/,promos,do-go-on,publish
1,43882,"Everything Is Black and White",https://shipstation.com/promos/everything-is-black-and-white/,promos,everything-is-black-and-white,publish
1,43883,"Filthy Casuals",https://shipstation.com/promos/filthy-casuals/,promos,filthy-casuals,publish
1,43884,"First Time Dads",https://shipstation.com/promos/first-time-dads/,promos,first-time-dads,publish
1,43885,JaackMaate,https://shipstation.com/promos/jaackmaate/,promos,jaackmaate,publish
1,43886,"Like Minded Friends",https://shipstation.com/promos/like-minded-friends/,promos,like-minded-friends,publish
1,43887,"Mirror Football",https://shipstation.com/promos/mirror-football/,promos,mirror-football,publish
1,43888,"News Roast",https://shipstation.com/promos/news-roast/,promos,news-roast,publish
1,43889,"No Such Thing As A Fish",https://shipstation.com/promos/no-such-thing-as-a-fish/,promos,no-such-thing-as-a-fish,publish
1,43890,Oddity,https://shipstation.com/promos/oddity/,promos,oddity,publish
1,43891,"Remainiacs - The Brexit",https://shipstation.com/promos/remainiacs-the-brexit/,promos,remainiacs-the-brexit,publish
1,43892,"The Royal Blue",https://shipstation.com/promos/the-royal-blue/,promos,the-royal-blue,publish
1,43893,"Star Wars Minute",https://shipstation.com/promos/star-wars-minute/,promos,star-wars-minute,publish
1,43894,"The Anfield Wrap",https://shipstation.com/promos/the-anfield-wrap/,promos,the-anfield-wrap,publish
1,43895,"The Heart of It with Estee Lalonde",https://shipstation.com/promos/the-heart-of-it-with-estee-lalonde/,promos,the-heart-of-it-with-estee-lalonde,publish
1,43896,"The Jilian Michaels Show",https://shipstation.com/promos/the-jilian-michaels-show/,promos,the-jilian-michaels-show,publish
1,43897,"The Totally Football Show",https://shipstation.com/promos/the-totally-football-show/,promos,the-totally-football-show,publish
1,43898,"The Totally Football Show League",https://shipstation.com/promos/the-totally-football-show-league/,promos,the-totally-football-show-league,publish
1,43899,"The Tottenham Way",https://shipstation.com/promos/the-tottenham-way/,promos,the-tottenham-way,publish
1,43900,"The True Geordie",https://shipstation.com/promos/the-true-geordie/,promos,the-true-geordie,publish
1,43901,"The Two Mikes - On The Record",https://shipstation.com/promos/the-two-mikes-on-the-record/,promos,the-two-mikes-on-the-record,publish
1,43902,"The Weekly Planet",https://shipstation.com/promos/the-weekly-planet/,promos,the-weekly-planet,publish
1,43903,"UK True Crime",https://shipstation.com/promos/uk-true-crime/,promos,uk-true-crime,publish
1,43904,"United We Stand",https://shipstation.com/promos/united-we-stand/,promos,united-we-stand,publish
1,43905,"The Read",https://shipstation.com/promos/the-read/,promos,the-read,publish
1,43906,Casefile,https://shipstation.com/promos/casefile/,promos,casefile,publish
1,43907,"KFC Radio",https://shipstation.com/promos/kfc-radio/,promos,kfc-radio,publish
1,43908,"The Pat McAfee Show",https://shipstation.com/promos/the-pat-mcafee-show/,promos,the-pat-mcafee-show,publish
1,43909,"Safe for Work",https://shipstation.com/promos/safe-for-work/,promos,safe-for-work,publish
1,43910,Mafia,https://shipstation.com/promos/mafia/,promos,mafia,publish
1,43911,Millennial,https://shipstation.com/promos/millennial/,promos,millennial,publish
1,43912,"Value Town",https://shipstation.com/promos/value-town/,promos,value-town,publish
1,43913,"The Totally Football League Show",https://shipstation.com/promos/the-totally-football-league-show/,promos,the-totally-football-league-show,publish
1,43914,"The Totally Football Show",https://shipstation.com/promos/the-totally-football-show-2/,promos,the-totally-football-show-2,publish
1,43915,"The Little Dum Dum Club",https://shipstation.com/promos/the-little-dum-dum-club/,promos,the-little-dum-dum-club,publish
1,43916,"Goal Digger",https://shipstation.com/promos/goal-digger/,promos,goal-digger,publish
1,43917,"The Secret Room",https://shipstation.com/promos/the-secret-room/,promos,the-secret-room,publish
1,43918,"The Secret Room",https://shipstation.com/promos/the-secret-room-2/,promos,the-secret-room-2,publish
1,43919,"Craft Industry Alliance",https://shipstation.com/promos/craft-industry-alliance/,promos,craft-industry-alliance,publish
1,43920,"Dude Soup",https://shipstation.com/promos/dude-soup/,promos,dude-soup,publish
1,43921,"Don't Mess with Christine Sydelko",https://shipstation.com/promos/dont-mess-with-christine-sydelko/,promos,dont-mess-with-christine-sydelko,publish
1,43922,"Cox n' Crendor",https://shipstation.com/promos/cox-n-crendor/,promos,cox-n-crendor,publish
1,43923,CCTV,https://shipstation.com/promos/cctv/,promos,cctv,publish
1,43924,"The Know",https://shipstation.com/promos/the-know/,promos,the-know,publish
1,43925,"Raising the Bar",https://shipstation.com/promos/raising-the-bar/,promos,raising-the-bar,publish
1,43926,"Sirius XM Radio",https://shipstation.com/promos/sirius-xm-radio/,promos,sirius-xm-radio,publish
1,43927,"In Hot Water",https://shipstation.com/promos/in-hot-water/,promos,in-hot-water,publish
1,43928,"Life Gets Hairy",https://shipstation.com/promos/life-gets-hairy/,promos,life-gets-hairy,publish
1,43929,"The Cycling",https://shipstation.com/promos/the-cycling/,promos,the-cycling,publish
1,43930,"Open for Business",https://shipstation.com/promos/open-for-business/,promos,open-for-business,publish
1,43931,"Quirks and Quarks",https://shipstation.com/promos/quirks-and-quarks-2/,promos,quirks-and-quarks-2,publish
1,43932,"Felon True Crime",https://shipstation.com/promos/felon-true-crime/,promos,felon-true-crime,publish
1,43933,"Mysterious Universe",https://shipstation.com/promos/mysterious-universe/,promos,mysterious-universe,publish
1,43934,"SiriusXM Radio",https://shipstation.com/promos/siriusxm-radio/,promos,siriusxm-radio,publish
1,43935,"Agnes & Dora",https://shipstation.com/promos/agnes-dora/,promos,agnes-dora,publish
1,43936,"True Murder",https://shipstation.com/promos/true-murder/,promos,true-murder,publish
1,43937,"Science Vs",https://shipstation.com/promos/science-vs/,promos,science-vs,publish
1,43938,Startup,https://shipstation.com/promos/startup/,promos,startup,publish
1,43939,"Alison J Prince",https://shipstation.com/promos/alison-j-prince/,promos,alison-j-prince,publish
1,43940,"Ship Shape",https://shipstation.com/promos/ship-shape/,promos,ship-shape,publish
1,43941,"Natch Beaut",https://shipstation.com/promos/natch-beaut/,promos,natch-beaut,publish
1,43942,"Money for the Rest of Us",https://shipstation.com/promos/money-for-the-rest-of-us/,promos,money-for-the-rest-of-us,publish
1,43943,"Call Her Daddy",https://shipstation.com/promos/call-her-daddy/,promos,call-her-daddy,publish
1,43944,"Chicks in the Office",https://shipstation.com/promos/chicks-in-the-office/,promos,chicks-in-the-office,publish
1,43945,"Failing Upwards",https://shipstation.com/promos/failing-upwards/,promos,failing-upwards,publish
1,43946,"Spittin Chiclets",https://shipstation.com/promos/spittin-chiclets/,promos,spittin-chiclets,publish
1,43947,"Lights Camera Barstool",https://shipstation.com/promos/lights-camera-barstool/,promos,lights-camera-barstool,publish
1,43948,"Fore Play",https://shipstation.com/promos/fore-play/,promos,fore-play,publish
1,43949,"Scrubbing In",https://shipstation.com/promos/scrubbing-in/,promos,scrubbing-in,publish
1,43950,"Adderall and Compliments",https://shipstation.com/promos/adderall-and-compliments/,promos,adderall-and-compliments,publish
1,43951,"Slate Money",https://shipstation.com/promos/slate-money/,promos,slate-money,publish
1,43952,"Barstool Radio",https://shipstation.com/promos/barstool-radio/,promos,barstool-radio,publish
1,43953,"Faction Talk XL",https://shipstation.com/promos/faction-talk-xl/,promos,faction-talk-xl,publish
1,43954,"KIIS FM 102.7",https://shipstation.com/promos/kiis-fm-102-7/,promos,kiis-fm-102-7,publish
1,43955,Z100,https://shipstation.com/promos/z100/,promos,z100,publish
1,43956,"Over My Dead Body",https://shipstation.com/promos/over-my-dead-body/,promos,over-my-dead-body,publish
1,43957,"Heartland Radio 2.0",https://shipstation.com/promos/heartland-radio-2-0/,promos,heartland-radio-2-0,publish
1,43958,"King and the Sting",https://shipstation.com/promos/king-and-the-sting/,promos,king-and-the-sting,publish
1,43959,BertCast,https://shipstation.com/promos/bertcast/,promos,bertcast,publish
1,43960,Tofop,https://shipstation.com/promos/tofop/,promos,tofop,publish
1,43961,Human/Ordinary,https://shipstation.com/promos/human-ordinary/,promos,human-ordinary,publish
1,43962,TigerBelly,https://shipstation.com/promos/tigerbelly/,promos,tigerbelly,publish
1,43963,"On Purpose",https://shipstation.com/promos/on-purpose/,promos,on-purpose,publish
1,43964,Radio,https://shipstation.com/promos/radio/,promos,radio,publish
1,43965,"ESPN Radio",https://shipstation.com/promos/espn-radio/,promos,espn-radio,publish
1,43966,"Canada Laughs",https://shipstation.com/promos/canada-laughs/,promos,canada-laughs,publish
1,43967,"SiriusXM Stars",https://shipstation.com/promos/siriusxm-stars/,promos,siriusxm-stars,publish
1,43968,"SiriusXM Raw Dog Comedy",https://shipstation.com/promos/siriusxm-raw-dog-comedy/,promos,siriusxm-raw-dog-comedy,publish
1,43969,"SiriusXM MLB Network Radio",https://shipstation.com/promos/siriusxm-mlb-network-radio/,promos,siriusxm-mlb-network-radio,publish
1,43970,"SiriusXM NBA Radio",https://shipstation.com/promos/siriusxm-nba-radio/,promos,siriusxm-nba-radio,publish
1,43971,"SiriusXM Progress",https://shipstation.com/promos/siriusxm-progress/,promos,siriusxm-progress,publish
1,43972,Podcast,https://shipstation.com/promos/podcast/,promos,podcast,publish
1,43973,"The Shrink Next Door",https://shipstation.com/promos/the-shrink-next-door/,promos,the-shrink-next-door,publish
1,43974,Beawcast,https://shipstation.com/promos/beawcast/,promos,beawcast,publish
1,43975,"SAP Business Exchange",https://shipstation.com/promos/sap-business-exchange/,promos,sap-business-exchange,publish
1,43976,"Blue Wire",https://shipstation.com/promos/blue-wire/,promos,blue-wire,publish
1,43977,"Crime Junkie",https://shipstation.com/promos/crime-junkie/,promos,crime-junkie,publish
1,43978,"Gangster Capitalism",https://shipstation.com/promos/gangster-capitalism/,promos,gangster-capitalism,publish
1,43979,Cold's,https://shipstation.com/promos/colds/,promos,colds,publish
1,43980,"Generation Why Listener",https://shipstation.com/promos/generation-why-listener/,promos,generation-why-listener,publish
1,43981,"Dr. Death",https://shipstation.com/promos/dr-death/,promos,dr-death,publish
1,43982,"Righteous and Ratchet",https://shipstation.com/promos/righteous-and-ratchet/,promos,righteous-and-ratchet,publish
1,43983,"The Viall Files",https://shipstation.com/promos/the-viall-files/,promos,the-viall-files,publish
1,43984,"Congratulations with Chris D'Elia",https://shipstation.com/promos/congratulations-with-chris-delia/,promos,congratulations-with-chris-delia,publish
1,43985,"The Love Hour",https://shipstation.com/promos/the-love-hour/,promos,the-love-hour,publish
1,43986,"Chris Distefano",https://shipstation.com/promos/chris-distefano/,promos,chris-distefano,publish
1,43987,"Your 2 Dads",https://shipstation.com/promos/your-2-dads/,promos,your-2-dads,publish
1,43988,"The Ballad of Billy Balls",https://shipstation.com/promos/the-ballad-of-billy-balls/,promos,the-ballad-of-billy-balls,publish
1,43989,"What the Eff",https://shipstation.com/promos/what-the-eff/,promos,what-the-eff,publish
1,43990,"Fans and Followers of IRCE",https://shipstation.com/promos/fans-and-followers-of-irce/,promos,fans-and-followers-of-irce,publish
1,43991,"Hot Boxin with Mike Tyson",https://shipstation.com/promos/hot-boxin-with-mike-tyson/,promos,hot-boxin-with-mike-tyson,publish
1,43992,"How Men Think",https://shipstation.com/promos/how-men-think/,promos,how-men-think,publish
1,43993,"Waveform with Marques Brownlee",https://shipstation.com/promos/waveform-with-marques-brownlee/,promos,waveform-with-marques-brownlee,publish
1,43994,"This Past Weekend",https://shipstation.com/promos/this-past-weekend/,promos,this-past-weekend,publish
1,43995,"Land of the Giants",https://shipstation.com/promos/land-of-the-giants/,promos,land-of-the-giants,publish
1,43996,Smoshcast,https://shipstation.com/promos/smoshcast/,promos,smoshcast,publish
1,43997,"The TryPod",https://shipstation.com/promos/the-trypod/,promos,the-trypod,publish
1,43998,"Bunny Ears",https://shipstation.com/promos/bunny-ears/,promos,bunny-ears,publish
1,43999,"Fighter and the Kid",https://shipstation.com/promos/fighter-and-the-kid/,promos,fighter-and-the-kid,publish
1,44000,"Sh*t They Don't Tell You",https://shipstation.com/promos/sht-they-dont-tell-you/,promos,sht-they-dont-tell-you,publish
1,44001,"Smart People",https://shipstation.com/promos/smart-people/,promos,smart-people,publish
1,44002,"Who?? Weekly",https://shipstation.com/promos/who-weekly/,promos,who-weekly,publish
1,44003,"Tech Newsday",https://shipstation.com/promos/tech-newsday/,promos,tech-newsday,publish
1,44004,Social,https://shipstation.com/promos/social/,promos,social,publish
1,44005,"Catalyst 2015",https://shipstation.com/promos/catalyst-2015/,promos,catalyst-2015,publish
1,44006,"SXSW 2014",https://shipstation.com/promos/sxsw-2014/,promos,sxsw-2014,publish
1,44007,"eBay Radio",https://shipstation.com/promos/ebay-radio/,promos,ebay-radio,publish
1,44008,Volusion,https://shipstation.com/promos/volusion/,promos,volusion,publish
1,44009,"SXSW Raffle",https://shipstation.com/promos/sxsw-raffle/,promos,sxsw-raffle,publish
1,44010,Opensky,https://shipstation.com/promos/opensky/,promos,opensky,publish
1,44011,"Shopify's App Week",https://shipstation.com/promos/shopifys-app-week/,promos,shopifys-app-week,publish
1,44012,"Webmaster Radio",https://shipstation.com/promos/webmaster-radio/,promos,webmaster-radio,publish
1,44013,"Magento Imagine 2014",https://shipstation.com/promos/magento-imagine-2014/,promos,magento-imagine-2014,publish
1,44014,Reverb,https://shipstation.com/promos/reverb/,promos,reverb,publish
1,44015,"Northern Grade 2014",https://shipstation.com/promos/northern-grade-2014/,promos,northern-grade-2014,publish
1,44016,"LemonStand Cloud",https://shipstation.com/promos/lemonstand-cloud/,promos,lemonstand-cloud,publish
1,44017,"Square Market",https://shipstation.com/promos/square-market/,promos,square-market,publish
1,44018,Nomorerack,https://shipstation.com/promos/nomorerack/,promos,nomorerack,publish
1,44019,"Internet Retailing Magazine",https://shipstation.com/promos/internet-retailing-magazine/,promos,internet-retailing-magazine,publish
1,44020,"SiriusXM Comedy",https://shipstation.com/promos/siriusxm-comedy/,promos,siriusxm-comedy,publish
1,44021,"SiriusXM Sports",https://shipstation.com/promos/siriusxm-sports/,promos,siriusxm-sports,publish
1,44022,"SiriusXM News",https://shipstation.com/promos/siriusxm-news/,promos,siriusxm-news,publish
1,44023,iHeart,https://shipstation.com/promos/iheart/,promos,iheart,publish
1,44024,Radio,https://shipstation.com/promos/radio-2/,promos,radio-2,publish
1,44025,Bloomberg,https://shipstation.com/promos/bloomberg/,promos,bloomberg,publish
1,44026,Deal,https://shipstation.com/promos/deal/,promos,deal,publish
1,44027,TV,https://shipstation.com/promos/tv/,promos,tv,publish
1,44028,"Sports TV",https://shipstation.com/promos/sports-tv/,promos,sports-tv,publish
1,44029,Save,https://shipstation.com/promos/save/,promos,save,publish
1,44030,Now,https://shipstation.com/promos/now/,promos,now,publish
1,44031,Try,https://shipstation.com/promos/try/,promos,try,publish
1,44032,"The Tim Ferriss Show",https://shipstation.com/promos/the-tim-ferriss-show-2/,promos,the-tim-ferriss-show-2,publish
1,44033,Snapchat,https://shipstation.com/promos/snapchat/,promos,snapchat,publish
1,44034,"Busted Open",https://shipstation.com/promos/busted-open/,promos,busted-open,publish
1,44035,"2 Bears, 1 Cave",https://shipstation.com/promos/2-bears-1-cave-2/,promos,2-bears-1-cave-2,publish
1,44036,Temando,https://shipstation.com/promos/temando/,promos,temando,publish
1,44037,"The Jeselnik & Rosenthal Vanity Project",https://shipstation.com/promos/the-jeselnik-rosenthal-vanity-project/,promos,the-jeselnik-rosenthal-vanity-project,publish
1,44038,ESPN,https://shipstation.com/promos/espn-2/,promos,espn-2,publish
1,44039,"Whitney Cummings",https://shipstation.com/promos/whitney-cummings/,promos,whitney-cummings,publish
1,44040,"Chris Guillebeau",https://shipstation.com/promos/chris-guillebeau/,promos,chris-guillebeau,publish
1,44042,p80,https://shipstation.com/promos/p80/,promos,p80,publish
1,44043,p81,https://shipstation.com/promos/p81/,promos,p81,publish
1,44044,p82,https://shipstation.com/promos/p82/,promos,p82,publish
1,44045,p83,https://shipstation.com/promos/p83/,promos,p83,publish
1,44046,p84,https://shipstation.com/promos/p84/,promos,p84,publish
1,44047,p85,https://shipstation.com/promos/p85/,promos,p85,publish
1,44048,p86,https://shipstation.com/promos/p86/,promos,p86,publish
1,44049,p87,https://shipstation.com/promos/p87/,promos,p87,publish
1,44050,p88,https://shipstation.com/promos/p88/,promos,p88,publish
1,44051,p89,https://shipstation.com/promos/p89/,promos,p89,publish
1,44052,p90,https://shipstation.com/promos/p90/,promos,p90,publish
1,44053,p91,https://shipstation.com/promos/p91/,promos,p91,publish
1,44054,p92,https://shipstation.com/promos/p92/,promos,p92,publish
1,44055,p93,https://shipstation.com/promos/p93/,promos,p93,publish
1,44056,p94,https://shipstation.com/promos/p94/,promos,p94,publish
1,44057,p95,https://shipstation.com/promos/p95/,promos,p95,publish
1,44058,p96,https://shipstation.com/promos/p96/,promos,p96,publish
1,44059,p97,https://shipstation.com/promos/p97/,promos,p97,publish
1,44060,p98,https://shipstation.com/promos/p98/,promos,p98,publish
1,44061,p99,https://shipstation.com/promos/p99/,promos,p99,publish
1,44062,p101,https://shipstation.com/promos/p101/,promos,p101,publish
1,44063,p102,https://shipstation.com/promos/p102/,promos,p102,publish
1,44064,p103,https://shipstation.com/promos/p103/,promos,p103,publish
1,44065,p104,https://shipstation.com/promos/p104/,promos,p104,publish
1,44066,p111,https://shipstation.com/promos/p111/,promos,p111,publish
1,44067,p111t,https://shipstation.com/promos/p111t/,promos,p111t,publish
1,44068,p112,https://shipstation.com/promos/p112/,promos,p112,publish
1,44069,p112t,https://shipstation.com/promos/p112t/,promos,p112t,publish
1,44070,p113,https://shipstation.com/promos/p113/,promos,p113,publish
1,44071,p113t,https://shipstation.com/promos/p113t/,promos,p113t,publish
1,44072,p114,https://shipstation.com/promos/p114/,promos,p114,publish
1,44073,p114t,https://shipstation.com/promos/p114t/,promos,p114t,publish
1,44074,p115,https://shipstation.com/promos/p115/,promos,p115,publish
1,44075,p115t,https://shipstation.com/promos/p115t/,promos,p115t,publish
1,44076,p116,https://shipstation.com/promos/p116/,promos,p116,publish
1,44077,p116t,https://shipstation.com/promos/p116t/,promos,p116t,publish
1,44078,p117,https://shipstation.com/promos/p117/,promos,p117,publish
1,44079,p117t,https://shipstation.com/promos/p117t/,promos,p117t,publish
1,44080,p118,https://shipstation.com/promos/p118/,promos,p118,publish
1,44081,p118t,https://shipstation.com/promos/p118t/,promos,p118t,publish
1,44082,p119,https://shipstation.com/promos/p119/,promos,p119,publish
1,44083,p120,https://shipstation.com/promos/p120/,promos,p120,publish
1,44084,p121,https://shipstation.com/promos/p121/,promos,p121,publish
1,44085,p122,https://shipstation.com/promos/p122/,promos,p122,publish
1,44086,p119t,https://shipstation.com/promos/p119t/,promos,p119t,publish
1,44087,p120t,https://shipstation.com/promos/p120t/,promos,p120t,publish
1,44088,p121t,https://shipstation.com/promos/p121t/,promos,p121t,publish
1,44089,p122t,https://shipstation.com/promos/p122t/,promos,p122t,publish
1,44090,p123,https://shipstation.com/promos/p123/,promos,p123,publish
1,44091,p124,https://shipstation.com/promos/p124/,promos,p124,publish
1,44092,p125,https://shipstation.com/promos/p125/,promos,p125,publish
1,44093,p126,https://shipstation.com/promos/p126/,promos,p126,publish
1,44094,p123t,https://shipstation.com/promos/p123t/,promos,p123t,publish
1,44095,p124t,https://shipstation.com/promos/p124t/,promos,p124t,publish
1,44096,p125t,https://shipstation.com/promos/p125t/,promos,p125t,publish
1,44097,p126t,https://shipstation.com/promos/p126t/,promos,p126t,publish
2,8031,"High Volume Trial",https://shipstation.com/au/lp/high-volume-trial/,landing,high-volume-trial,publish
2,8033,"High Volume Shipping Plan",https://shipstation.com/au/high-volume-shipping-plan/,page,high-volume-shipping-plan,publish
2,8400,"Refer a Friend",https://shipstation.com/au/refer-a-friend/,page,refer-a-friend,publish
3,164,"Partner Shopify",https://shipstation.com/de/partner-shopify/,page,partner-shopify,publish
3,181,"Privacy Policy – Germany",https://shipstation.com/de/privacy-policy-germany/,page,privacy-policy,publish
3,185,"Terms of Service – Germany",https://shipstation.com/de/terms-of-service-germany/,page,terms-of-service,publish
3,200,"Cookie Policy",https://shipstation.com/de/cookie-policy/,page,cookie-policy,publish
3,242,"Partner Launch Checklist",https://shipstation.com/de/partner-launch-checklist/,page,partner-checkliste,publish
4,435,"Alliance Partners FR",https://shipstation.com/fr/alliance-partners-fr/,page,alliance-partners,publish
4,525,"Étude sur les tendances d'achat des fêtes de fin d'année",https://shipstation.com/fr/holiday-shopping-trends-report/,page,etude-sur-les-tendances-dachat-des-fetes-de-fin-dannee,publish
4,539,"Partner Launch Checklist",https://shipstation.com/fr/partner-launch-checklist/,page,partner-launch-checklist,publish
4,785,"Mirakl &#8211; FR",https://shipstation.com/fr/lp/mirakl-fr/,landing,mirakl,publish
6,584,"ShipStation Software for Canada",https://shipstation.com/ca/shipping-software-2/,page,shipping-software,publish
6,586,"Holiday Shopping Trends Report",https://shipstation.com/ca/holiday-shopping-trends-report/,page,holiday-shopping-trends-report,publish
6,614,"Discounted UPS® Shipping Labels",https://shipstation.com/ca/ups/,page,ups,publish
7,125,"LP Template for Paid Campaigns (NZ | Generic)",https://shipstation.com/nz/au-sem-generic/,page,nz-sem-generic,publish
8,810,"Back Market UK",https://shipstation.com/uk/partner-back-market-uk/,page,partner-back-market-uk,publish
8,870,Bluepark,https://shipstation.com/uk/partners/bluepark/,partners,bluepark,publish
8,1034,"A Shopify Merchant’s Shipping Guide for the UK",https://shipstation.com/uk/guides/shopify-merchant-shipping-guide-uk/,guides,shopify-merchant-shipping-guide-uk,publish
8,1062,"Contact Our Sales Team",https://shipstation.com/uk/contact-us/,page,contact-us,publish
8,1066,Experts,https://shipstation.com/uk/experts/,page,experts,publish
8,1074,Affiliate,https://shipstation.com/uk/affiliate/,page,affiliate,publish
8,1076,"Refer a Friend",https://shipstation.com/uk/refer-a-friend/,page,refer-a-friend,publish
8,1079,Webinars,https://shipstation.com/uk/webinars/,page,webinars,publish
8,1847,Mirakl,https://shipstation.com/uk/lp/mirakl/,landing,mirakl,publish
8,1914,"Print Shipping Labels",https://shipstation.com/uk/lp/print-shipping-labels/,landing,print-shipping-labels,publish
8,1915,"Shipping Services Ecommerce",https://shipstation.com/uk/lp/shipping-services-ecommerce/,landing,shipping-services-ecommerce,publish
